{
  "dollar_per_1k_tokens": 0.011222837045465712,
  "knobs": {
    "cuda_graphs": true,
    "fabric": "RoCE",
    "gpudirect_rdma": true,
    "microbatch": 1,
    "virt": "bare"
  },
  "label": "pre-opt",
  "record": {
    "artifacts": {
      "env": "sim://manifest",
      "logs": "sim://logs",
      "trace": "sim://trace"
    },
    "comm_compute_ratio": 0.0894853771351568,
    "failures": 0,
    "flop_utilization": 0.720516,
    "hbm_bw_util": 0.75,
    "node_power_w": 3470.8333333333335,
    "p50_ms": 5.17924605024486,
    "p95_ms": 8.686981686403724,
    "p99_ms": 12.578332987478092,
    "peak_mem_gb": 128.0,
    "queue_arrival_rate_rps": 0.12186035368908868,
    "queue_latency_ms": {
      "p50": 5.17924605024486,
      "p95": 8.686981686403724,
      "p99": 12.578332987478092,
      "ttft": 3.67924605024486
    },
    "queue_servers": 8.666666666666666,
    "queue_utilization": 0.07429166666666667,
    "queue_wait_fraction_p99": 0.02736938275005003,
    "queue_wait_ms": {
      "p50": 0.17924605024486004,
      "p95": 0.26886907536729004,
      "p99": 0.3584921004897201,
      "ttft": 0.17924605024486004
    },
    "retries": 0,
    "schedule_breakdown": [
      {
        "name": "steady_state",
        "overrides": {},
        "record": {
          "artifacts": {
            "env": "sim://manifest",
            "logs": "sim://logs",
            "trace": "sim://trace"
          },
          "comm_compute_ratio": 0.0894853771351568,
          "failures": 0,
          "flop_utilization": 0.7205159999999999,
          "hbm_bw_util": 0.75,
          "node_power_w": 4250.0,
          "p50_ms": 5.0,
          "p95_ms": 8.412251802057176,
          "p99_ms": 12.211333261050736,
          "peak_mem_gb": 128.0,
          "queue_adjusted": {
            "p50_ms": 5.488375303047972,
            "p95_ms": 9.144814756629135,
            "p99_ms": 13.18808386714668,
            "ttft_ms": 3.9883753030479725,
            "waiting_fraction_p99": 0.07406311757913248
          },
          "queue_metrics": {
            "arrival_cv": 1.1,
            "arrival_rate": 0.15845480083211183,
            "p50_latency_ms": 5.488375303047972,
            "p95_latency_ms": 9.144814756629135,
            "p99_latency_ms": 13.18808386714668,
            "servers": 8,
            "service_cv": 1.1,
            "service_mean_ms": 5364.305754930098,
            "ttft_latency_ms": 3.9883753030479725,
            "utilization": 0.10625,
            "wait_p50_ms": 0.4883753030479724,
            "wait_p95_ms": 0.7325629545719585,
            "wait_p99_ms": 0.9767506060959448,
            "wait_ttft_ms": 0.4883753030479724,
            "waiting_fraction_p99": 0.07406311757913248
          },
          "retries": 0,
          "step_time_ms": 0.0,
          "tokens_per_sec": 1527.1314451960707,
          "ttft_ms": 3.5
        },
        "settings": {
          "autoscale_factor": 1.0,
          "request_profile": "peak",
          "tokens_scale": null
        },
        "weight_minutes": 60.0
      },
      {
        "name": "surge",
        "overrides": {
          "parallelism": {
            "dp": 12
          }
        },
        "record": {
          "artifacts": {
            "env": "sim://manifest",
            "logs": "sim://logs",
            "trace": "sim://trace"
          },
          "comm_compute_ratio": 0.0894853771351568,
          "failures": 0,
          "flop_utilization": 0.7205159999999999,
          "hbm_bw_util": 0.75,
          "node_power_w": 5950.0,
          "p50_ms": 5.0,
          "p95_ms": 8.44365328244557,
          "p99_ms": 12.256916055162923,
          "peak_mem_gb": 128.0,
          "queue_adjusted": {
            "p50_ms": 5.016860541583228,
            "p95_ms": 8.468944094820412,
            "p99_ms": 12.29063713832938,
            "ttft_ms": 3.516860541583228,
            "waiting_fraction_p99": 0.0027436399583626
          },
          "queue_metrics": {
            "arrival_cv": 1.3,
            "arrival_rate": 0.3023687726533767,
            "p50_latency_ms": 5.016860541583228,
            "p95_latency_ms": 8.468944094820412,
            "p99_latency_ms": 12.29063713832938,
            "servers": 12,
            "service_cv": 1.3,
            "service_mean_ms": 3803.3028011074193,
            "ttft_latency_ms": 3.516860541583228,
            "utilization": 0.08325,
            "wait_p50_ms": 0.016860541583227924,
            "wait_p95_ms": 0.025290812374841886,
            "wait_p99_ms": 0.03372108316645585,
            "wait_ttft_ms": 0.016860541583227924,
            "waiting_fraction_p99": 0.0027436399583626
          },
          "retries": 0,
          "step_time_ms": 0.0,
          "tokens_per_sec": 2153.9173787621407,
          "ttft_ms": 3.5
        },
        "settings": {
          "autoscale_factor": 1.4,
          "request_profile": "spike",
          "tokens_scale": null
        },
        "weight_minutes": 30.0
      },
      {
        "name": "off_peak",
        "overrides": {},
        "record": {
          "artifacts": {
            "env": "sim://manifest",
            "logs": "sim://logs",
            "trace": "sim://trace"
          },
          "comm_compute_ratio": 0.0894853771351568,
          "failures": 0,
          "flop_utilization": 0.7205159999999999,
          "hbm_bw_util": 0.75,
          "node_power_w": 2125.0,
          "p50_ms": 5.0,
          "p95_ms": 8.41350625988623,
          "p99_ms": 12.213154248221947,
          "peak_mem_gb": 128.0,
          "queue_adjusted": {
            "p50_ms": 5.0272883845966625,
            "p95_ms": 8.454438836781224,
            "p99_ms": 12.267731017415272,
            "ttft_ms": 3.5272883845966625,
            "waiting_fraction_p99": 0.004448807127890875
          },
          "queue_metrics": {
            "arrival_cv": 0.8,
            "arrival_rate": 0.0372945826056439,
            "p50_latency_ms": 5.0272883845966625,
            "p95_latency_ms": 8.454438836781224,
            "p99_latency_ms": 12.267731017415272,
            "servers": 8,
            "service_cv": 0.8,
            "service_mean_ms": 10725.418332995818,
            "ttft_latency_ms": 3.5272883845966625,
            "utilization": 0.05000000000000001,
            "wait_p50_ms": 0.027288384596662517,
            "wait_p95_ms": 0.04093257689499377,
            "wait_p99_ms": 0.054576769193325034,
            "wait_ttft_ms": 0.027288384596662517,
            "waiting_fraction_p99": 0.004448807127890875
          },
          "retries": 0,
          "step_time_ms": 0.0,
          "tokens_per_sec": 763.7930517635871,
          "ttft_ms": 3.5
        },
        "settings": {
          "autoscale_factor": 0.5,
          "request_profile": "low",
          "tokens_scale": null
        },
        "weight_minutes": 90.0
      }
    ],
    "schedule_effects": true,
    "schedule_total_minutes": 180.0,
    "service_latency_ms": {
      "p50": 5.0,
      "p95": 8.418112611036435,
      "p99": 12.219840886988372,
      "ttft": 3.5
    },
    "step_time_ms": 0.0,
    "tokens_per_sec": 1249.9265707408404,
    "ttft_ms": 3.67924605024486
  },
  "target": {
    "accelerators_per_node": 8,
    "collectives": [
      "allreduce",
      "allgather"
    ],
    "container_base": "ghcr.io/org/sambaflow:stable",
    "cost": {
      "energy_watts_node": 5000,
      "hourly_usd": 50.0,
      "pue": 1.2
    },
    "host_cpu_arch": "x86",
    "instance_type": "SNX",
    "interconnect": {
      "bw_GBps": 1000,
      "type": "Fabric"
    },
    "max_batch_tokens": 32768,
    "memory_gb_per_accel": 128,
    "name": "SAMBANOVA_SNX_NODE",
    "notes": "Power provisional: ~5kW per node (pending vendor spec/measurement). Hourly set to 0 to avoid double-counting; simulator adds energy via power and PUE.",
    "num_nodes": 1,
    "numeric": [
      "bf16",
      "int8"
    ],
    "vendor": "SambaNova"
  },
  "track": "parity",
  "ts": "2025-10-07T12:38:48",
  "workload": {
    "dataloader": "synthetic",
    "duration_minutes": 5,